{"one_seven_visuals":{"panelIndex":0,"seen":true},"fps":{"position":"bottom_center_left","x":-222.0,"y":-10.0,"fps_enabled_bl":true,"panelIndex":1,"seen":true,"options":{"scale_nr":"1.16","shadow_bl":false,"background_clr_nr":{"value":67108864}}},"cps":{"x":10.0,"y":49.0,"panelIndex":2,"seen":true,"options":{"rightCLick_bl":true,"lineColor_clr_nr":{"value":83820544},"shadow_bl":false,"background_clr_nr":{"value":150994944},"border_clr_nr":{"value":218103808}}},"skyblockAddons":{"panelIndex":3,"seen":false,"skyBlockAddonsManaBarChild":{"x":40.0,"y":-40.0,"panelIndex":0,"seen":false},"skyBlockAddonsManaTextChild":{"x":40.0,"y":-44.0,"panelIndex":0,"seen":false},"skyBlockAddonsHealthBarChild":{"x":-38.0,"y":-40.0,"panelIndex":0,"seen":false},"skyBlockAddonsHealthTextChild":{"x":-40.0,"y":-44.0,"panelIndex":0,"seen":false},"skyBlockAddonsDefenseIconChild":{"x":19.0,"y":-40.0,"panelIndex":0,"seen":false},"skyBlockAddonsDefenseTextChild":{"x":10.0,"y":8.0,"panelIndex":0,"seen":false},"skyBlockAddonsDefensePercentageChild":{"x":10.0,"y":12.0,"panelIndex":0,"seen":false},"skyBlockAddonsSpeedTextChild":{"x":19.0,"y":-28.0,"panelIndex":0,"seen":false},"skyblockAddonsBirchParkRainmaker":{"x":-80.0,"y":10.0,"panelIndex":0,"seen":false},"skyblockAddonsdarkAuctionoTimer":{"x":10.0,"y":130.0,"panelIndex":0,"seen":false},"skyblockAddonsEndstoneProtector":{"x":80.0,"y":130.0,"panelIndex":0,"seen":false},"skyblockAddonsMagmaTimer":{"x":10.0,"y":154.0,"panelIndex":0,"seen":false},"skyBlockAddonsPowerOrbStausChild":{"x":124.0,"y":-2.0,"panelIndex":0,"seen":false},"skyblockAddonsBoneDisplay":{"x":-80.0,"y":26.0,"panelIndex":0,"seen":false},"skyblockAddonsSkillDisplay":{"x":10.0,"y":92.0,"panelIndex":0,"seen":false},"skyblockAddonsSummoningEyeCounter":{"x":-80.0,"y":56.0,"panelIndex":0,"seen":false},"skyblockAddonsTickerChargesDisplay":{"x":-80.0,"y":42.0,"panelIndex":0,"seen":false},"skyblockAddonsZealotCounter":{"x":80.0,"y":144.0,"panelIndex":0,"seen":false},"skyblockAddonsZealotTotalCounter":{"x":80.0,"y":160.0,"panelIndex":0,"seen":false},"skyblockAddonsZealotPerEye":{"x":80.0,"y":176.0,"panelIndex":0,"seen":false},"bait_list":{"x":115.0,"y":72.0,"panelIndex":0,"seen":false},"sba_feature_warning":{"panelIndex":0,"seen":false},"zealot_kills":38},"toggleSneak":{"position":"bottom_left","y":1.0,"panelIndex":4,"seen":true,"options":{"shadow_bl":false}},"zoom":{"panelIndex":5,"seen":true,"options":{"variable_zoom_bl":true}},"hypixel_mod":{"panelIndex":6,"seen":true,"options":{"auto_gg_bl":true}},"armorstatus":{"armorstatus_enabled_bl":false,"panelIndex":7,"seen":false},"keystrokes":{"position":"bottom_right","x":1.999939,"y":0.9999924,"keystrokes_enabled_bl":true,"panelIndex":8,"seen":true,"options":{"scale_nr":"1.5","leftCPS_bl":true,"rightCPS_bl":true,"spacebar_bl":true,"box_size_nr":"25.15","text_pressed_clr_nr":{"value":-327166},"background_clr_nr":{"value":67108864},"background_pressed_clr_nr":{"value":83881453}}},"coords":{"x":10.0,"y":24.0,"coords_enabled_bl":false,"panelIndex":9,"seen":false},"daycounter":{"panelIndex":10,"seen":true},"crosshair":{"crosshair_enabled_bl":true,"panelIndex":11,"seen":true,"options":{"outline_bl":true,"styleOption":"Arrow","gap_nr":"3.5"}},"potioneffects":{"position":"bottom_left","x":8.0,"y":-276.0,"panelIndex":12,"seen":true},"directionhud":{"y":4.0,"directionhud_enabled_bl":false,"panelIndex":13,"seen":true},"waypoints":{"waypoints_enabled_bl":false,"panelIndex":14,"seen":false},"scoreboard":{"x":2.0,"y":-24.0,"panelIndex":15,"seen":true,"options":{"scale_nr":"1.1","numbers_bl":true,"border_thickness_nr":"0.54","background_color_clr_nr":{"value":67108864},"border_clr_nr":{"value":83820544}}},"potion_counter":{"y":62.0,"panelIndex":16,"seen":false},"ping":{"x":10.0,"y":72.0,"panelIndex":17,"seen":true},"motionBlur":{"motionBlur_enabled_bl":true,"panelIndex":18,"seen":true,"options":{"value_nr":"6"}},"chat":{"panelIndex":19,"seen":true,"options":{"stackMessages_bl":true,"hideBanWave_bl":true,"chatHeight_bl":true,"chatNameColor":"DARK_RED","chat_bg_opacity_nr":"0.0","chat_shadow_bl":false}},"scrollable_tooltips":{"panelIndex":20,"seen":false},"uhc_overlay":{"panelIndex":21,"seen":false},"particleMultiplierMod":{"panelIndex":22,"seen":true,"options":{"particleMultiplier_nr":"3","alwaysShowEnchantedCrits_bl":true}},"nickHider":{"nickHider_enabled_bl":true,"panelIndex":23,"seen":true,"options":{"hideRealName_bl":false}},"cooldowns":{"x":-124.0,"cooldowns_enabled_bl":false,"panelIndex":24,"seen":true},"worldedit_cui":{"panelIndex":25,"seen":true},"clock":{"x":-10.0,"y":10.0,"panelIndex":26,"seen":true},"stopwatch":{"x":-10.0,"y":30.0,"panelIndex":27,"seen":true},"memory":{"x":-10.0,"y":50.0,"panelIndex":28,"seen":false},"combo":{"x":-10.0,"y":90.0,"panelIndex":29,"seen":false},"range":{"position":"bottom_right","x":-212.96002,"y":-9.820007,"range_enabled_bl":true,"panelIndex":30,"seen":true,"options":{"scale_nr":"1.17","background_clr_nr":{"value":67108864}}},"time_changer":{"time_changer_enabled_bl":true,"panelIndex":31,"seen":true,"options":{"time_nr":"-13469","horizon_y_level_nr":"54"}},"serverAddressMod":{"x":70.0,"y":66.0,"panelIndex":32,"seen":false},"saturation":{"x":-10.0,"y":70.0,"panelIndex":33,"seen":true},"itemPhysic":{"itemPhysic_enabled_bl":true,"panelIndex":34,"seen":true},"itemTrackerChild":{"position":"bottom_left","x":8.0,"y":-222.5,"itemTrackerChild_enabled_bl":true,"panelIndex":35,"seen":true,"options":{"scale_nr":"0.9"}},"shinyPots":{"shinyPots_enabled_bl":true,"panelIndex":36,"seen":true,"options":{"colored_bl":true}},"block_outline":{"block_outline_enabled_bl":true,"panelIndex":37,"seen":true,"options":{"block_outline_color_clr_nr":{"value":1727726082},"block_overlay_bl":true}},"screenshot":{"panelIndex":38,"seen":false},"fov_mod":{"fov_mod_enabled_bl":true,"panelIndex":39,"seen":true,"options":{"default_fov_nr":"110","slowness_fov_nr":"110","sprinting_fov_nr":"110","flying_fov_nr":"110","speed_fov_nr":"110","static_FOV_bl":true}},"textHotKey":{"panelIndex":40,"seen":false,"options":{"1_hk_hk":{"text":"/warp crypt","1_hk_hk_kblc":"KEY_V","1_hk_hk_kblc_shift":false,"1_hk_hk_kblc_control":false,"1_hk_hk_kblc_alt":false}}},"netgraph":{"panelIndex":41,"seen":false},"mumble-link":{"panelIndex":42,"seen":false},"items2d":{"panelIndex":43,"seen":true},"bossbar":{"position":"top_right","x":-387.0,"panelIndex":44,"seen":false},"freelook":{"panelIndex":45,"seen":true,"options":{"freelook_kb":"KEY_TAB"}},"teamview":{"panelIndex":46,"seen":true},"resource_display":{"panelIndex":47,"seen":false},"menu_blur":{"menu_blur_enabled_bl":false,"panelIndex":48,"seen":true,"options":{"blur_strength_nr":"0"}},"hitbox":{"panelIndex":49,"seen":true}}